Nome,Nascimento,CPF,Email,Servidor,Setor,Salário,Filial,,Nome,João Martins
Sergio Marques,9/20/1998,753.507.598-69,sergiomarques@gmail.com,gmail,Marketing,R$ 5.750,São Paulo,,Setor,
Helder Santos,10/19/1957,987.852.710-43,heldersantos@live.com,live,Compras,R$ 5.000,Rio De Janeiro,,Filial,
Italo Freitas,11/1/2001,874.732.153-35,italofreitas@hotmail.com,hotmail,Comercial,R$ 3.000,Rondônia,,,
João Martins,11/16/1992,123.456.789-21,karinaalberti@outlook.com,outlook,Marketing,R$ 10.250,Alagoas,,CPF,102.383.768-41
Glayson Dias,5/13/1956,592.848.899-52,glaysondias@outlook.com,outlook,Marketing,R$ 4.750,Rondônia,,Email,
Jefferson Portnoi,1/4/1959,594.410.831-50,jeffersonportnoi@globo.com,globo,Comercial,R$ 11.250,Amazonas,,Salário,
Lourival Carneiro,7/11/1969,731.211.694-41,lourivalcarneiro@gmail.com,gmail,Administrativo,R$ 10.500,Minas Gerais,,,
Fernando Santos,2/3/1951,102.383.768-41,fernandosantos@gmail.com,gmail,Compras,R$ 2.500,Minas Gerais,,,
Iran Nogueira,12/21/1955,579.137.963-29,irannogueira@gmail.com,gmail,Comercial,R$ 18.250,Bahia,,,
Fagner Hausmann,9/12/1990,717.193.520-55,fagnerhausmann@terra.com,terra,Administrativo,R$ 4.500,Rio Grande Do Sul,,,
José Sousa,12/24/1968,457.249.627-09,josésousa@uol.com,uol,Financeiro,R$ 24.250,Rio Grande Do Sul,,,
Graziela Salles,7/28/1980,439.827.785-16,grazielasalles@gmail.com,gmail,Marketing,R$ 8.000,Pará,,,
Beatriz Abreu,3/20/1963,166.810.760-52,beatrizabreu@gmail.com,gmail,Administrativo,R$ 21.750,Amapá,,,
Marcos Passos,11/8/1982,942.820.579-54,marcospassos@live.com,live,Gestão,R$ 25.000,Rondônia,,,
Gabriele Aguiar,7/12/1995,437.999.113-29,gabrieleaguiar@terra.com,terra,Gestão,R$ 7.250,Amazonas,,,
Vanessa Fontes,6/10/1999,386.957.054-51,vanessafontes@hotmail.com,hotmail,Administrativo,R$ 18.000,Rio De Janeiro,,,
Lucas Ferreira,6/28/1961,892.248.800-35,lucasferreira@uol.com,uol,Compras,R$ 4.000,Bahia,,,
Leticia Naves,6/1/1988,840.543.193-72,leticianaves@gmail.com,gmail,Compras,R$ 24.500,Rio De Janeiro,,,
Raíssa Ferreira,11/18/1998,602.994.594-40,raíssaferreira@terra.com,terra,Marketing,R$ 6.500,Rondônia,,,
Ana Joanucci,3/31/1996,676.219.286-59,anajoanucci@globo.com,globo,Marketing,R$ 27.500,Bahia,,,
Daniel Grigorio,9/4/1956,417.409.364-85,danielgrigorio@globo.com,globo,Financeiro,R$ 6.250,Roraima,,,
Felipe Coutinho,9/17/1972,893.670.088-80,felipecoutinho@gmail.com,gmail,Financeiro,R$ 6.500,Bahia,,,
Fabricio Tamayo,6/29/1996,956.721.702-18,fabriciotamayo@gmail.com,gmail,Administrativo,R$ 27.000,Pernambuco,,,
Amanda Sousa,12/27/1957,135.832.922-38,amandasousa@hotmail.com,hotmail,Financeiro,R$ 4.750,São Paulo,,,
Vitória Nascimento,2/7/1960,706.673.659-94,vitórianascimento@live.com,live,Administrativo,R$ 4.500,Amapá,,,
Cesar Pedrosa,11/24/1974,829.838.462-52,cesarpedrosa@terra.com,terra,Comercial,R$ 3.250,Rio Grande Do Sul,,,
Daniel Bernardo,7/12/1980,355.630.126-93,danielbernardo@gmail.com,gmail,Comercial,R$ 4.500,Bahia,,,
Luis Alves,3/3/2002,177.312.072-19,luisalves@uol.com,uol,Gestão,R$ 22.750,Minas Gerais,,,
Elizabeth Coelho,2/13/2001,694.908.613-00,elizabethcoelho@gmail.com,gmail,Comercial,R$ 5.500,Sergipe,,,
Maria Almeida,9/30/1983,646.366.751-83,mariaalmeida@uol.com,uol,Comercial,R$ 5.250,Amapá,,,
Tatiane Hernandez,11/28/1960,311.167.287-65,tatianehernandez@hotmail.com,hotmail,Marketing,R$ 6.500,Bahia,,,
Tainara Rodrigues,1/21/1970,559.516.104-19,tainararodrigues@hotmail.com,hotmail,Financeiro,R$ 8.250,Minas Gerais,,,
Izaias Viana,8/4/1989,561.066.746-49,izaiasviana@globo.com,globo,Produção,R$ 9.500,Rio De Janeiro,,,
Michael Rebello,3/27/2000,162.100.703-34,michaelrebello@terra.com,terra,Marketing,R$ 11.750,São Paulo,,,
Wenilson Gonçalves,11/20/1981,730.861.509-08,wenilsongonçalves@live.com,live,Gestão,R$ 20.750,Bahia,,,
Deyse Viana,1/24/1985,488.862.775-66,deyseviana@live.com,live,Comercial,R$ 4.750,São Paulo,,,
José Soares,12/15/1970,854.903.386-28,josésoares@uol.com,uol,Comercial,R$ 4.250,Amazonas,,,
Luiz Silva,8/10/1957,363.812.738-92,luizsilva@outlook.com,outlook,Financeiro,R$ 8.500,Bahia,,,
Danielle Pereira,8/2/1999,534.577.364-10,daniellepereira@outlook.com,outlook,Financeiro,R$ 3.000,Rio De Janeiro,,,
Alvaro Santos,1/13/1994,639.086.474-78,alvarosantos@terra.com,terra,Marketing,R$ 4.500,Espírito Santo,,,
Kelly Maciel,6/25/1985,659.479.376-88,kellymaciel@hotmail.com,hotmail,Marketing,R$ 5.000,Rio De Janeiro,,,
Eliane Furtado,4/25/1950,700.835.381-68,elianefurtado@terra.com,terra,Marketing,R$ 6.250,Rio De Janeiro,,,
Kely Araujo,9/6/1966,825.432.394-18,kelyaraujo@terra.com,terra,Administrativo,R$ 4.000,Santa Catarina,,,
Nathalia Silva,9/3/1993,540.512.249-31,nathaliasilva@outlook.com,outlook,Administrativo,R$ 6.250,Piauí,,,
Victor Medeiros,4/20/1999,610.926.824-08,victormedeiros@terra.com,terra,Marketing,R$ 6.000,São Paulo,,,
Patricia Fernandes,2/16/1969,681.755.034-31,patriciafernandes@gmail.com,gmail,Gestão,R$ 27.500,Sergipe,,,
Kelen Dias,10/26/1957,235.798.787-41,kelendias@gmail.com,gmail,Comercial,R$ 8.750,São Paulo,,,
Leonardo Filho,12/15/1963,181.756.001-23,leonardofilho@uol.com,uol,Financeiro,R$ 5.500,Amazonas,,,
Daniele Lourenço,3/9/1981,794.866.331-96,danielelourenço@hotmail.com,hotmail,Financeiro,R$ 3.000,Rondônia,,,
Kamyla Dias,2/15/1978,148.539.736-89,kamyladias@globo.com,globo,Comercial,R$ 5.500,Rio Grande Do Sul,,,
Julia Rodrigues,8/23/1996,162.188.109-36,juliarodrigues@terra.com,terra,Marketing,R$ 6.000,Amazonas,,,
Ana Monteiro,10/8/1976,936.581.358-89,anamonteiro@gmail.com,gmail,Marketing,R$ 6.500,Alagoas,,,
Maria Domingos,9/11/1974,929.564.457-13,mariadomingos@globo.com,globo,Gestão,R$ 3.500,São Paulo,,,
Edson Pereira,12/22/1975,262.721.067-13,edsonpereira@terra.com,terra,Compras,R$ 18.000,Maranhão,,,
Carlos Medina,5/1/1995,494.470.546-97,carlosmedina@hotmail.com,hotmail,Administrativo,R$ 10.250,Amazonas,,,
Emerson Lucio,11/3/1983,903.010.426-98,emersonlucio@uol.com,uol,Produção,R$ 5.500,Bahia,,,
Maria Montero,8/23/1982,638.551.051-12,mariamontero@hotmail.com,hotmail,Comercial,R$ 16.250,Rio De Janeiro,,,
Michael Figueira,5/26/1971,608.157.532-53,michaelfigueira@terra.com,terra,Administrativo,R$ 4.250,Santa Catarina,,,
Wander Nascimento,1/31/1985,598.618.443-03,wandernascimento@gmail.com,gmail,Financeiro,R$ 3.750,Maranhão,,,
José Brixner,1/1/1969,310.860.652-43,josébrixner@gmail.com,gmail,Compras,R$ 5.500,Amapá,,,
Ailton Ramos,4/13/1966,901.964.487-16,ailtonramos@terra.com,terra,Financeiro,R$ 5.000,Rondônia,,,
Mariana Abreu,4/7/2000,180.321.713-42,marianaabreu@globo.com,globo,Comercial,R$ 7.000,Mato Grosso Do Sul,,,
Tomas Lula,9/28/1956,485.061.461-25,tomaslula@gmail.com,gmail,Financeiro,R$ 3.000,Rio De Janeiro,,,
Beatriz Fragoso,2/13/1955,992.036.520-28,beatrizfragoso@terra.com,terra,Administrativo,R$ 5.000,Rondônia,,,
Antônio Nascimento,3/20/1969,605.672.464-98,antônionascimento@live.com,live,Compras,R$ 5.000,Rio De Janeiro,,,
Geovane Villegas,8/14/1953,289.311.279-22,geovanevillegas@gmail.com,gmail,Gestão,R$ 6.250,Rio De Janeiro,,,
Thiago Guimarães,9/30/1986,846.945.815-89,thiagoguimarães@gmail.com,gmail,Compras,R$ 4.750,Tocantins,,,
Rogerio Leitão,9/2/1956,823.057.442-59,rogerioleitão@outlook.com,outlook,Marketing,R$ 24.750,Pernambuco,,,
Maximo Avila,12/11/1975,948.019.773-19,maximoavila@live.com,live,Financeiro,R$ 3.750,Rio De Janeiro,,,
Luciano Alves,4/10/1993,642.860.600-97,lucianoalves@gmail.com,gmail,Administrativo,R$ 5.000,Piauí,,,
Elisangela Joekel,6/9/1980,803.968.494-25,elisangelajoekel@gmail.com,gmail,Gestão,R$ 5.250,Goiás,,,
Wilton Bertolino,5/18/1956,779.292.222-43,wiltonbertolino@gmail.com,gmail,Comercial,R$ 6.750,São Paulo,,,
Guilherme Júlio,11/22/1998,755.658.795-30,guilhermejúlio@gmail.com,gmail,Administrativo,R$ 10.750,Rio Grande Do Sul,,,
Rafael Silva,5/13/1973,613.895.672-82,rafaelsilva@gmail.com,gmail,Financeiro,R$ 20.000,Mato Grosso Do Sul,,,
Gabriel Algarve,1/17/1995,150.743.099-42,gabrielalgarve@gmail.com,gmail,Comercial,R$ 17.000,Rio De Janeiro,,,
Gilvan Oliveira,12/31/2001,134.947.971-17,gilvanoliveira@terra.com,terra,Marketing,R$ 6.500,Bahia,,,
Simone Barbosa,2/14/1982,526.946.711-05,simonebarbosa@uol.com,uol,Administrativo,R$ 5.000,Pernambuco,,,
Maycon Braghini,3/17/1972,714.770.545-25,mayconbraghini@gmail.com,gmail,Administrativo,R$ 25.500,Paraná,,,
Rosana Lima,6/16/1965,802.854.138-64,rosanalima@uol.com,uol,Administrativo,R$ 3.750,Pará,,,
Luciana Tavares,10/11/1962,414.280.837-53,lucianatavares@gmail.com,gmail,Comercial,R$ 8.000,Pernambuco,,,
Daniel Rallo,3/24/1978,204.177.144-52,danielrallo@outlook.com,outlook,Financeiro,R$ 17.000,Rio Grande Do Sul,,,
Joana Lunardi,10/18/1961,133.590.001-42,joanalunardi@uol.com,uol,Administrativo,R$ 4.750,Tocantins,,,
Sérgio Pinheiro,1/23/1999,618.460.807-38,sérgiopinheiro@gmail.com,gmail,Comercial,R$ 28.000,Rio Grande Do Sul,,,
Benedita Grigorio,10/29/1987,898.501.516-82,beneditagrigorio@outlook.com,outlook,Compras,R$ 3.250,Rio De Janeiro,,,
Jussara Baptista,9/10/1988,168.674.108-18,jussarabaptista@terra.com,terra,Comercial,R$ 2.500,Paraná,,,
Cesar Coelho,12/23/1986,314.724.093-93,cesarcoelho@hotmail.com,hotmail,Marketing,R$ 5.250,São Paulo,,,
Raíssa Gomez,1/30/1999,676.271.702-95,raíssagomez@hotmail.com,hotmail,Comercial,R$ 5.750,Paraná,,,
Beatriz Jesus,9/22/1976,710.658.148-65,beatrizjesus@gmail.com,gmail,Comercial,R$ 27.000,Pernambuco,,,
Marcos Rodrigues,9/28/1978,516.147.313-46,marcosrodrigues@globo.com,globo,Gestão,R$ 16.000,Rio De Janeiro,,,
Júlia Carlos,4/10/1965,142.692.344-40,júliacarlos@terra.com,terra,Administrativo,R$ 6.250,Rio Grande Do Norte,,,
Renata Vaze,4/29/1954,624.026.157-08,renatavaze@hotmail.com,hotmail,Comercial,R$ 4.000,Rio De Janeiro,,,
Joselma Castelo,11/11/1987,651.421.155-72,joselmacastelo@globo.com,globo,Compras,R$ 9.750,Maranhão,,,
Ailson Evaristo,7/30/1970,485.773.569-73,ailsonevaristo@terra.com,terra,Comercial,R$ 26.000,Rondônia,,,
Gilvania Christovao,9/18/1985,117.835.687-05,gilvaniachristovao@terra.com,terra,Financeiro,R$ 8.000,Amazonas,,,
Geraldo Wajsenzon,2/16/1954,921.955.575-55,geraldowajsenzon@globo.com,globo,Financeiro,R$ 7.000,Amazonas,,,
Jaqueline Janei,4/11/1982,274.910.899-79,jaquelinejanei@uol.com,uol,Financeiro,R$ 4.750,Rio De Janeiro,,,
Fabio Vitalino,8/12/1971,189.380.929-46,fabiovitalino@terra.com,terra,Marketing,R$ 18.750,Amazonas,,,
Helio Santos,3/27/2002,459.566.624-20,heliosantos@hotmail.com,hotmail,Gestão,R$ 6.000,Piauí,,,
Verônica Brixner,2/18/1978,942.182.496-03,verônicabrixner@gmail.com,gmail,Marketing,R$ 4.500,Rio Grande Do Sul,,,
Thays Domingos,4/20/1992,112.142.260-39,thaysdomingos@hotmail.com,hotmail,Administrativo,R$ 5.250,Rio De Janeiro,,,
Nayara Lima,7/18/1967,999.199.501-06,nayaralima@terra.com,terra,Marketing,R$ 2.750,Acre,,,
Rosana Coelho,2/14/2001,374.508.498-63,rosanacoelho@gmail.com,gmail,Marketing,R$ 12.250,Tocantins,,,
Natália Rufino,12/4/1978,687.395.039-85,natáliarufino@terra.com,terra,Marketing,R$ 8.250,Tocantins,,,
Monike Oliveira,6/23/1982,310.753.653-28,monikeoliveira@gmail.com,gmail,Gestão,R$ 5.250,Mato Grosso,,,
Raphael Alves,4/13/1970,125.397.023-57,raphaelalves@uol.com,uol,Gestão,R$ 3.000,Rio De Janeiro,,,
Renan Moreira,8/8/1952,498.848.155-70,renanmoreira@gmail.com,gmail,Marketing,R$ 5.500,Rio Grande Do Sul,,,
Lucas Candido,3/9/1985,571.082.863-56,lucascandido@uol.com,uol,Produção,R$ 5.500,Bahia,,,
Felipe Zacarias,12/18/1956,413.273.240-93,felipezacarias@hotmail.com,hotmail,Gestão,R$ 17.750,Rio De Janeiro,,,
Jussara Marques,3/3/1953,785.465.213-57,jussaramarques@gmail.com,gmail,Financeiro,R$ 7.500,Rondônia,,,
Eder Martins,11/29/1961,416.324.242-51,edermartins@globo.com,globo,Financeiro,R$ 4.250,Pernambuco,,,
Getulio Ramos,4/27/1970,495.837.665-04,getulioramos@globo.com,globo,Gestão,R$ 28.000,Rondônia,,,
Vivian Rolien,6/7/2001,383.923.003-53,vivianrolien@uol.com,uol,Comercial,R$ 3.500,Rio De Janeiro,,,
Jose Carreiro,1/8/1964,139.413.849-19,josecarreiro@globo.com,globo,Marketing,R$ 8.000,Rio De Janeiro,,,
Bernardo Araujo,8/25/1982,588.182.978-07,bernardoaraujo@hotmail.com,hotmail,Marketing,R$ 8.500,Rio Grande Do Norte,,,
Cícero Guimarães,1/30/1986,955.779.890-97,cíceroguimarães@globo.com,globo,Gestão,R$ 3.250,Roraima,,,
Andre Scopel,3/7/1997,580.536.058-97,andrescopel@uol.com,uol,Comercial,R$ 24.250,Rio De Janeiro,,,
Maria Alves,1/18/2001,250.335.999-78,mariaalves@gmail.com,gmail,Marketing,R$ 27.250,Rio Grande Do Sul,,,
Sarah Gouvea,5/12/1985,673.276.828-00,sarahgouvea@gmail.com,gmail,Financeiro,R$ 5.750,Rio De Janeiro,,,
Geovane Castro,6/9/1984,188.314.757-47,geovanecastro@terra.com,terra,Comercial,R$ 7.250,Rondônia,,,
Tatiane Gonzaga,10/1/1996,809.298.503-24,tatianegonzaga@terra.com,terra,Financeiro,R$ 4.500,Mato Grosso,,,
Alexandre Rolien,4/28/1968,945.240.451-83,alexandrerolien@hotmail.com,hotmail,Comercial,R$ 4.250,Pernambuco,,,
Mario Ferreira,10/1/1966,267.107.007-98,marioferreira@live.com,live,Gestão,R$ 7.250,Pará,,,
Roberto Santos,3/28/1968,557.541.992-47,robertosantos@gmail.com,gmail,Administrativo,R$ 24.250,Rio De Janeiro,,,
Giovanni Lima,9/21/1985,513.958.415-23,giovannilima@uol.com,uol,Comercial,R$ 6.750,Alagoas,,,
Fabio Feltrini,11/14/1976,310.436.191-74,fabiofeltrini@gmail.com,gmail,Financeiro,R$ 13.000,Amazonas,,,
Carlos Silva,12/14/2001,225.700.303-48,carlossilva@outlook.com,outlook,Administrativo,R$ 17.500,Minas Gerais,,,
Brenda Pereira,8/30/1954,462.605.440-37,brendapereira@hotmail.com,hotmail,Marketing,R$ 8.000,Pernambuco,,,
Alexandre Lima,11/21/1977,693.348.544-84,alexandrelima@terra.com,terra,Comercial,R$ 5.000,Bahia,,,
Maria Manhães,2/18/1988,871.528.617-79,mariamanhães@gmail.com,gmail,Financeiro,R$ 6.250,Paraná,,,
Daniel Benbow,12/17/1963,818.872.752-23,danielbenbow@gmail.com,gmail,Financeiro,R$ 12.750,Paraíba,,,
Paulo Pereira,7/31/1955,641.691.278-11,paulopereira@terra.com,terra,Marketing,R$ 13.750,Rondônia,,,
Eduardo Leocádio,11/20/1991,292.585.306-86,eduardoleocádio@uol.com,uol,Marketing,R$ 2.750,Rio Grande Do Sul,,,
Valdemir Maciel,8/8/1994,145.639.634-12,valdemirmaciel@hotmail.com,hotmail,Marketing,R$ 5.750,Rio De Janeiro,,,
Jorge Ferreira,2/2/1966,485.024.544-47,jorgeferreira@hotmail.com,hotmail,Administrativo,R$ 6.000,Sergipe,,,
Carolina Medina,6/1/1992,153.633.313-53,carolinamedina@gmail.com,gmail,Marketing,R$ 27.250,Pará,,,
Angelica Sabino,4/30/1971,412.854.080-83,angelicasabino@hotmail.com,hotmail,Gestão,R$ 8.250,Rondônia,,,
Janaina Mendes,6/17/1991,189.932.245-18,janainamendes@terra.com,terra,Compras,R$ 4.000,Rio De Janeiro,,,
Marcia Lodi,3/9/1968,184.845.674-61,marcialodi@terra.com,terra,Compras,R$ 13.250,Bahia,,,
Lívia Pinto,6/7/1999,486.984.041-33,líviapinto@outlook.com,outlook,Financeiro,R$ 4.750,Bahia,,,
Michael Teixeira,3/4/1982,907.700.966-39,michaelteixeira@live.com,live,Gestão,R$ 4.500,Pernambuco,,,
Aparecida Paes,3/4/1961,100.229.625-61,aparecidapaes@live.com,live,Gestão,R$ 2.750,Pernambuco,,,
Edson Alves,11/25/1978,486.489.191-16,edsonalves@gmail.com,gmail,Marketing,R$ 6.500,Bahia,,,
Jean Florêncio,2/24/1954,478.188.720-94,jeanflorêncio@gmail.com,gmail,Marketing,R$ 22.250,Rio De Janeiro,,,
Wilson Trevizoli,9/2/1989,806.743.504-28,wilsontrevizoli@gmail.com,gmail,Comercial,R$ 4.000,Rio De Janeiro,,,
Danilo Santos,10/2/1977,937.578.283-48,danilosantos@live.com,live,Compras,R$ 19.750,Rio De Janeiro,,,
Elton Algarve,2/8/1961,955.395.168-96,eltonalgarve@terra.com,terra,Gestão,R$ 6.000,Rio Grande Do Sul,,,
Rui Bianchi,11/11/1988,143.878.169-47,ruibianchi@globo.com,globo,Comercial,R$ 4.250,Bahia,,,
Icaro Silva,10/5/1989,864.879.526-32,icarosilva@terra.com,terra,Financeiro,R$ 5.000,Rio De Janeiro,,,
Luiz Gonçalves,5/6/1958,559.773.918-69,luizgonçalves@globo.com,globo,Financeiro,R$ 3.000,Pará,,,
Mauricio Gonçalves,9/29/1960,728.112.120-03,mauriciogonçalves@hotmail.com,hotmail,Administrativo,R$ 6.250,São Paulo,,,
Vivian Perira,6/19/1960,907.311.263-83,vivianperira@globo.com,globo,Comercial,R$ 5.500,Amazonas,,,
Homero Alves,10/14/1998,673.355.576-89,homeroalves@gmail.com,gmail,Administrativo,R$ 3.000,Distrito Federal,,,
Jose Pereira,3/4/1973,703.900.392-68,josepereira@globo.com,globo,Gestão,R$ 7.500,Rio De Janeiro,,,
Marcos Peixoto,4/28/1996,232.784.696-17,marcospeixoto@gmail.com,gmail,Produção,R$ 5.000,Bahia,,,
Guilherme Pineres,7/12/1982,320.513.233-66,guilhermepineres@gmail.com,gmail,Marketing,R$ 4.000,Paraná,,,
Maria Godoi,9/23/1991,428.412.989-83,mariagodoi@gmail.com,gmail,Comercial,R$ 23.750,Pernambuco,,,
Erivelton Viana,4/4/1987,484.462.623-74,eriveltonviana@terra.com,terra,Produção,R$ 5.000,Rio De Janeiro,,,
Felipe Ferreira,1/11/1992,758.890.198-79,felipeferreira@outlook.com,outlook,Produção,R$ 18.250,Rio De Janeiro,,,
Gustavo Pedrosa,10/27/1983,704.256.589-37,gustavopedrosa@outlook.com,outlook,Gestão,R$ 10.500,Espírito Santo,,,
Heraldo Lima,6/30/1962,632.001.203-00,heraldolima@hotmail.com,hotmail,Comercial,R$ 15.250,Rio De Janeiro,,,
Gabriel Araujo,7/11/1994,276.039.691-31,gabrielaraujo@globo.com,globo,Administrativo,R$ 6.500,Bahia,,,
Bruno Fragoso,4/17/1981,426.334.787-46,brunofragoso@live.com,live,Comercial,R$ 6.750,Paraná,,,
Sebastião Santos,6/18/1969,508.485.674-12,sebastiãosantos@globo.com,globo,Marketing,R$ 3.000,Pernambuco,,,
Cintia Ouríques,5/3/1961,964.032.640-59,cintiaouríques@gmail.com,gmail,Comercial,R$ 6.000,Rio De Janeiro,,,
Willian Ramos,10/17/2001,458.100.626-44,willianramos@globo.com,globo,Gestão,R$ 5.500,Amazonas,,,
José Guimarães,1/12/1974,679.459.258-61,joséguimarães@hotmail.com,hotmail,Gestão,R$ 4.000,Bahia,,,
Marcio Calera,8/26/1966,818.010.666-24,marciocalera@globo.com,globo,Administrativo,R$ 2.500,Bahia,,,
Denise Kubiaki,11/18/1954,416.196.992-20,denisekubiaki@live.com,live,Financeiro,R$ 22.000,Piauí,,,
Fábio Silva,10/2/1961,545.154.089-72,fábiosilva@gmail.com,gmail,Financeiro,R$ 5.500,Ceará,,,
Carina Nocera,12/5/1964,556.739.747-90,carinanocera@live.com,live,Financeiro,R$ 5.750,São Paulo,,,
Roberto Silva,2/26/1992,726.323.891-42,robertosilva@gmail.com,gmail,Gestão,R$ 2.750,Paraná,,,
Paula Zadra,5/22/1999,107.899.638-02,paulazadra@gmail.com,gmail,Comercial,R$ 7.750,Paraná,,,
Rodrigo Sousa,3/21/1960,293.598.764-74,rodrigosousa@terra.com,terra,Compras,R$ 8.500,São Paulo,,,
Luis Moreira,9/7/1955,559.223.886-13,luismoreira@hotmail.com,hotmail,Financeiro,R$ 15.250,Goiás,,,
Edson Silva,4/9/1983,546.068.749-61,edsonsilva@live.com,live,Gestão,R$ 19.750,Amazonas,,,
Jose Paladini,4/29/1985,223.757.359-87,josepaladini@gmail.com,gmail,Comercial,R$ 3.500,Minas Gerais,,,
Marino Vieira,5/16/1994,713.008.496-65,marinovieira@gmail.com,gmail,Comercial,R$ 5.250,Amazonas,,,
José Bueno,3/12/2001,722.185.358-01,josébueno@hotmail.com,hotmail,Compras,R$ 6.000,Rio De Janeiro,,,
Elisangela Lima,9/21/1954,310.961.081-04,elisangelalima@live.com,live,Marketing,R$ 2.750,Rio De Janeiro,,,
Viviane Valença,6/15/1985,363.431.657-40,vivianevalença@gmail.com,gmail,Marketing,R$ 8.250,São Paulo,,,
Guilherme Braga,3/19/1988,223.459.062-71,guilhermebraga@terra.com,terra,Gestão,R$ 23.750,Paraná,,,
Anderson Diniz,9/1/2002,389.616.809-52,andersondiniz@terra.com,terra,Comercial,R$ 5.250,Rio De Janeiro,,,
Flavia Lira,9/20/1974,661.784.891-90,flavialira@gmail.com,gmail,Administrativo,R$ 4.500,Minas Gerais,,,
Willian Moreira,9/13/2002,991.034.072-12,willianmoreira@uol.com,uol,Comercial,R$ 5.750,Paraná,,,
Wellington Braga,10/31/1961,960.813.092-86,wellingtonbraga@globo.com,globo,Marketing,R$ 19.500,Minas Gerais,,,
Sebastião Toscano,12/1/1959,608.108.853-10,sebastiãotoscano@terra.com,terra,Marketing,R$ 5.750,Santa Catarina,,,
Ezequiel Cruzeiro,2/27/1990,354.758.105-46,ezequielcruzeiro@gmail.com,gmail,Comercial,R$ 5.750,Rio De Janeiro,,,
Vitor Cintra,3/9/1963,390.988.914-33,vitorcintra@globo.com,globo,Gestão,R$ 22.250,Paraná,,,
Fabio Vila,10/27/1959,796.067.456-36,fabiovila@live.com,live,Administrativo,R$ 26.250,Pernambuco,,,
Rui Barbosa,12/26/1977,374.133.945-84,ruibarbosa@gmail.com,gmail,Administrativo,R$ 9.000,Goiás,,,
Anderson Lima,5/4/1955,520.938.963-16,andersonlima@hotmail.com,hotmail,Gestão,R$ 15.250,Sergipe,,,
Reinaldo Fernando,10/10/2001,814.157.845-77,reinaldofernando@gmail.com,gmail,Comercial,R$ 3.500,Sergipe,,,
Larissa Lopes,7/1/1988,381.215.474-20,larissalopes@gmail.com,gmail,Comercial,R$ 3.500,Rio De Janeiro,,,
Samuel Lopes,8/21/1962,680.457.625-38,samuellopes@gmail.com,gmail,Administrativo,R$ 9.750,Bahia,,,
Maria Valença,11/17/1982,779.240.577-89,mariavalença@live.com,live,Administrativo,R$ 5.500,Paraná,,,
Fernando Severo,11/19/1992,525.085.112-38,fernandosevero@outlook.com,outlook,Compras,R$ 2.750,Pernambuco,,,
Peterson Santos,9/4/2000,199.969.700-34,petersonsantos@gmail.com,gmail,Comercial,R$ 3.250,Rio De Janeiro,,,
Guilherme Alves,3/21/1975,488.224.458-68,guilhermealves@globo.com,globo,Comercial,R$ 17.000,Bahia,,,
Lidia Ferreira,2/27/1960,306.598.382-22,lidiaferreira@outlook.com,outlook,Gestão,R$ 12.250,Amazonas,,,
Vinicius Oliveira,5/26/1992,130.593.155-60,viniciusoliveira@live.com,live,Comercial,R$ 6.500,Santa Catarina,,,
Luiz Perira,4/21/1985,330.250.067-43,luizperira@terra.com,terra,Gestão,R$ 15.000,Amapá,,,
Edson Santana,10/25/1983,387.652.771-72,edsonsantana@gmail.com,gmail,Comercial,R$ 28.000,Sergipe,,,
Suzana Araujo,2/15/1967,221.516.510-47,suzanaaraujo@hotmail.com,hotmail,Produção,R$ 16.750,Rio De Janeiro,,,
Felipe Lopes,5/27/1972,401.786.171-13,felipelopes@gmail.com,gmail,Financeiro,R$ 18.000,Sergipe,,,
Francisco Camina,9/13/1958,315.306.931-87,franciscocamina@outlook.com,outlook,Marketing,R$ 3.500,Minas Gerais,,,
Jefferson Ribeiro,8/4/1991,517.572.794-92,jeffersonribeiro@terra.com,terra,Compras,R$ 4.250,São Paulo,,,
Jorge Patricio,10/3/1963,992.905.101-29,jorgepatricio@gmail.com,gmail,Marketing,R$ 2.500,São Paulo,,,
Marcos Holanda,10/1/1994,751.724.741-92,marcosholanda@globo.com,globo,Marketing,R$ 4.750,Amazonas,,,
Maria Nogueira,9/19/1999,950.092.756-09,marianogueira@gmail.com,gmail,Produção,R$ 2.500,São Paulo,,,
Marcelo Franco,11/27/1959,117.939.459-49,marcelofranco@globo.com,globo,Gestão,R$ 20.750,Rondônia,,,
Daniela Pereira,7/23/1999,890.545.298-52,danielapereira@globo.com,globo,Comercial,R$ 5.250,Minas Gerais,,,
Tereza Alves,9/3/1970,936.028.278-44,terezaalves@outlook.com,outlook,Comercial,R$ 6.500,São Paulo,,,
Luiz Januário,7/27/1975,541.200.637-57,luizjanuário@terra.com,terra,Compras,R$ 25.250,Pernambuco,,,
Eric Fernando,12/21/1964,193.254.916-47,ericfernando@gmail.com,gmail,Gestão,R$ 3.500,Rio De Janeiro,,,
Ana Franco,12/3/1958,940.608.287-13,anafranco@globo.com,globo,Produção,R$ 7.000,Amazonas,,,
Patryck Alves,12/19/1962,343.203.561-55,patryckalves@gmail.com,gmail,Financeiro,R$ 22.500,Pernambuco,,,
Luiz Santana,9/16/1997,651.624.272-73,luizsantana@outlook.com,outlook,Administrativo,R$ 9.500,Paraná,,,
Mariana Barbosa,2/2/1991,241.489.624-35,marianabarbosa@globo.com,globo,Marketing,R$ 9.500,Bahia,,,
Marinalva Faria,7/1/1960,386.401.664-68,marinalvafaria@gmail.com,gmail,Financeiro,R$ 5.750,Paraná,,,
Jordan Mota,2/8/1988,968.122.342-55,jordanmota@outlook.com,outlook,Administrativo,R$ 5.000,Paraíba,,,
Ana Silva,2/18/1987,325.026.440-00,anasilva@live.com,live,Comercial,R$ 6.250,Bahia,,,
Rafael Paladini,8/24/1989,364.235.470-41,rafaelpaladini@gmail.com,gmail,Administrativo,R$ 8.250,Mato Grosso,,,
Andrey Amaro,11/26/1981,153.057.584-49,andreyamaro@globo.com,globo,Marketing,R$ 3.250,Rio Grande Do Sul,,,
Carlos Maciel,4/17/1986,768.748.901-07,carlosmaciel@globo.com,globo,Marketing,R$ 18.500,Amazonas,,,
Samuel Xavier,11/18/1959,353.024.931-47,samuelxavier@outlook.com,outlook,Financeiro,R$ 5.250,Minas Gerais,,,
Adriano Ferreira,1/8/1993,948.412.259-39,adrianoferreira@gmail.com,gmail,Produção,R$ 6.500,São Paulo,,,
Saulo Francotti,1/25/1988,429.218.109-35,saulofrancotti@hotmail.com,hotmail,Comercial,R$ 2.500,Mato Grosso,,,
Rafael David,6/7/2000,970.918.733-51,rafaeldavid@gmail.com,gmail,Comercial,R$ 26.250,Pará,,,
Gabriel Pinto,10/31/1986,707.704.082-72,gabrielpinto@gmail.com,gmail,Financeiro,R$ 19.000,Minas Gerais,,,
Arilson Alves,1/29/1963,312.828.826-75,arilsonalves@gmail.com,gmail,Comercial,R$ 3.750,Acre,,,
Elisandro Ribeiro,1/30/1951,109.715.612-42,elisandroribeiro@gmail.com,gmail,Gestão,R$ 2.750,Paraná,,,
Thiago Campos,10/16/1980,114.057.543-17,thiagocampos@globo.com,globo,Administrativo,R$ 3.250,Rio De Janeiro,,,
Geane Lima,5/29/1972,717.373.234-69,geanelima@terra.com,terra,Comercial,R$ 2.750,Amazonas,,,
Amanda Matos,1/24/2001,436.816.986-30,amandamatos@gmail.com,gmail,Marketing,R$ 8.500,São Paulo,,,
Renata Inacio,11/5/1964,128.386.029-38,renatainacio@gmail.com,gmail,Comercial,R$ 24.250,São Paulo,,,
William Pereira,12/21/2000,625.022.209-02,williampereira@uol.com,uol,Financeiro,R$ 8.250,Santa Catarina,,,
Jose Schlickmann,12/4/1992,712.933.009-98,joseschlickmann@outlook.com,outlook,Marketing,R$ 6.500,Ceará,,,
Vinicius Santana,11/18/1958,570.274.566-66,viniciussantana@uol.com,uol,Marketing,R$ 8.000,Rio De Janeiro,,,
Áurea Rocha,11/3/1965,386.426.253-09,áurearocha@gmail.com,gmail,Marketing,R$ 23.500,Ceará,,,
Leonardo Lopes,11/13/1990,844.984.293-25,leonardolopes@live.com,live,Comercial,R$ 4.500,Rondônia,,,
Virginia Marson,11/25/1984,671.544.387-27,virginiamarson@globo.com,globo,Produção,R$ 5.000,Bahia,,,
Henrique Moura,7/17/1959,637.425.418-50,henriquemoura@gmail.com,gmail,Administrativo,R$ 20.250,Distrito Federal,,,
Rafaella Brilhante,8/10/1995,624.492.057-84,rafaellabrilhante@globo.com,globo,Marketing,R$ 26.000,Paraná,,,
Angelica Calera,8/18/1953,629.865.957-55,angelicacalera@gmail.com,gmail,Comercial,R$ 4.750,Paraíba,,,
Carlos Santana,12/22/1971,759.015.107-94,carlossantana@hotmail.com,hotmail,Financeiro,R$ 8.250,Rio De Janeiro,,,
Letícia Nascimento,2/19/1973,316.534.820-35,letícianascimento@outlook.com,outlook,Financeiro,R$ 6.750,Rio De Janeiro,,,
Luiz Santos,11/23/1995,568.447.936-30,luizsantos@terra.com,terra,Administrativo,R$ 5.250,Tocantins,,,
Fernanda Sousa,5/1/1984,749.842.542-60,fernandasousa@gmail.com,gmail,Administrativo,R$ 3.750,Sergipe,,,
Jose Afonso,3/5/1976,475.896.456-75,joseafonso@gmail.com,gmail,Marketing,R$ 3.250,Espírito Santo,,,
Silvia Pereira,4/19/1960,176.285.053-75,silviapereira@live.com,live,Financeiro,R$ 17.500,Mato Grosso,,,
Moises Milani,7/9/1969,132.700.075-75,moisesmilani@outlook.com,outlook,Marketing,R$ 3.000,São Paulo,,,
Helio Moreira,1/3/1997,994.450.547-68,heliomoreira@gmail.com,gmail,Marketing,R$ 7.500,Rio Grande Do Sul,,,
Ricardo Júlio,8/7/1992,429.284.801-28,ricardojúlio@globo.com,globo,Marketing,R$ 7.000,Pernambuco,,,
Thiago Rodrigues,6/29/1979,437.933.143-25,thiagorodrigues@gmail.com,gmail,Comercial,R$ 7.750,São Paulo,,,
Leonardo Kozlinski,10/29/1991,537.467.381-54,leonardokozlinski@live.com,live,Compras,R$ 2.500,Distrito Federal,,,
Renata Figueira,2/4/1963,523.722.591-71,renatafigueira@globo.com,globo,Financeiro,R$ 5.000,Mato Grosso Do Sul,,,
Isabelly Ferreira,12/28/1999,339.693.641-83,isabellyferreira@gmail.com,gmail,Gestão,R$ 5.250,Rio Grande Do Sul,,,
Eduardo Alves,4/3/1962,283.037.510-93,eduardoalves@globo.com,globo,Financeiro,R$ 7.250,Minas Gerais,,,
Fernando Santos,7/26/2000,399.730.032-72,fernandosantos@gmail.com,gmail,Comercial,R$ 2.500,Rio De Janeiro,,,
Otávio Burille,7/20/1958,142.979.634-56,otávioburille@hotmail.com,hotmail,Comercial,R$ 5.750,Pernambuco,,,
Fernando Gouvea,11/6/1966,897.828.365-71,fernandogouvea@terra.com,terra,Comercial,R$ 20.500,Rondônia,,,
Kauan Agostini,8/9/1961,620.366.432-40,kauanagostini@terra.com,terra,Comercial,R$ 6.000,Bahia,,,
Verônica Vieira,11/15/1985,784.622.913-59,verônicavieira@globo.com,globo,Gestão,R$ 4.750,Piauí,,,
Michael Haddad,10/16/1957,725.693.099-05,michaelhaddad@gmail.com,gmail,Financeiro,R$ 3.750,Amazonas,,,
Roseli Sabino,2/3/1974,851.948.308-82,roselisabino@globo.com,globo,Financeiro,R$ 3.250,Bahia,,,
Maurício Castro,7/31/1989,685.856.410-44,mauríciocastro@gmail.com,gmail,Gestão,R$ 5.750,Rio De Janeiro,,,
Fabricio Portnoi,8/2/1953,411.317.225-38,fabricioportnoi@gmail.com,gmail,Administrativo,R$ 4.500,Piauí,,,
Caetano Santos,9/27/1950,875.369.306-49,caetanosantos@terra.com,terra,Comercial,R$ 7.000,Pernambuco,,,
Daniela Sousa,1/15/1979,197.079.846-84,danielasousa@outlook.com,outlook,Comercial,R$ 18.750,Amapá,,,
Antonio Nascimento,7/29/1985,875.268.438-99,antonionascimento@gmail.com,gmail,Financeiro,R$ 19.000,Rio De Janeiro,,,
Guilherme Evaristo,3/4/1952,392.500.319-16,guilhermeevaristo@live.com,live,Marketing,R$ 6.500,Pará,,,
Nathalia Haddad,10/19/1986,558.705.342-32,nathaliahaddad@gmail.com,gmail,Gestão,R$ 17.000,Pernambuco,,,
Wellington Araújo,8/21/1984,242.282.748-69,wellingtonaraújo@uol.com,uol,Financeiro,R$ 22.500,Paraíba,,,
Ariane Trevisan,9/26/1964,999.462.831-94,arianetrevisan@gmail.com,gmail,Gestão,R$ 5.500,Ceará,,,
Dimas Rodrigues,6/20/1991,328.147.021-38,dimasrodrigues@gmail.com,gmail,Administrativo,R$ 3.000,Rio De Janeiro,,,
William Fusco,10/18/1990,941.901.780-21,williamfusco@uol.com,uol,Comercial,R$ 12.250,São Paulo,,,
Gisele Menezes,10/17/1970,651.208.868-33,giselemenezes@terra.com,terra,Produção,R$ 22.750,Rondônia,,,
Patrícia Collaço,4/4/1967,843.118.238-35,patríciacollaço@gmail.com,gmail,Comercial,R$ 6.500,Rio Grande Do Sul,,,
Alexandre Cabral,10/22/1978,331.802.043-43,alexandrecabral@gmail.com,gmail,Marketing,R$ 5.500,Paraná,,,
Rodrigo Lopes,9/7/1983,329.527.046-57,rodrigolopes@live.com,live,Gestão,R$ 3.250,São Paulo,,,
Gabriel Fernandes,1/2/1970,266.577.978-14,gabrielfernandes@uol.com,uol,Administrativo,R$ 7.000,Rio De Janeiro,,,
Dario Guilherme,11/3/1997,207.617.735-60,darioguilherme@live.com,live,Comercial,R$ 7.750,Rio De Janeiro,,,
Mário Quintella,4/10/1974,505.287.191-28,márioquintella@terra.com,terra,Financeiro,R$ 3.000,Bahia,,,
Raphaela Mendonça,9/15/1976,357.508.609-43,raphaelamendonça@terra.com,terra,Gestão,R$ 7.000,Minas Gerais,,,
Camila Fernandes,2/9/1968,186.947.472-11,camilafernandes@uol.com,uol,Comercial,R$ 6.750,Rio De Janeiro,,,
Fábio Beyer,9/23/1958,344.608.947-08,fábiobeyer@gmail.com,gmail,Comercial,R$ 12.000,Amazonas,,,
Kelly Silva,4/24/1956,692.916.056-60,kellysilva@uol.com,uol,Comercial,R$ 7.250,Rio De Janeiro,,,
Flávia Guilherme,7/12/1989,510.280.252-50,fláviaguilherme@gmail.com,gmail,Comercial,R$ 8.500,Rio De Janeiro,,,
Felipe Alves,2/15/1995,357.356.636-36,felipealves@uol.com,uol,Administrativo,R$ 5.000,Pernambuco,,,
Sergio Coelho,1/12/1963,557.781.458-24,sergiocoelho@live.com,live,Financeiro,R$ 19.250,Minas Gerais,,,
Rafael Franco,12/7/1990,374.118.963-22,rafaelfranco@gmail.com,gmail,Comercial,R$ 8.750,Bahia,,,
Fabricio Guimarães,11/13/1961,338.186.976-08,fabricioguimarães@gmail.com,gmail,Marketing,R$ 7.250,Rio De Janeiro,,,
Maria Ferreira,12/13/1978,205.498.999-28,mariaferreira@terra.com,terra,Financeiro,R$ 22.000,Minas Gerais,,,
Larissa Madeira,4/6/1973,874.713.715-54,larissamadeira@hotmail.com,hotmail,Comercial,R$ 21.250,Bahia,,,
Adriano Alves,9/21/1963,239.472.935-37,adrianoalves@live.com,live,Marketing,R$ 20.750,Rio De Janeiro,,,
Alessandra Bezerra,7/12/1965,747.589.816-19,alessandrabezerra@gmail.com,gmail,Gestão,R$ 4.500,Paraná,,,
Fernando Bressanin,12/3/1975,671.523.066-32,fernandobressanin@live.com,live,Marketing,R$ 18.250,São Paulo,,,
José Patricio,6/26/1991,598.942.322-25,josépatricio@outlook.com,outlook,Compras,R$ 20.750,Rio Grande Do Sul,,,
William Sotelo,3/18/1989,644.791.749-86,williamsotelo@globo.com,globo,Comercial,R$ 7.000,Rondônia,,,
Isabelle Espósito,11/13/1991,955.979.704-60,isabelleespósito@gmail.com,gmail,Marketing,R$ 6.250,Rio De Janeiro,,,
Andréa Serra,8/19/1973,667.225.564-66,andréaserra@terra.com,terra,Financeiro,R$ 5.250,Alagoas,,,
Igor Beyer,3/29/1983,299.360.478-20,igorbeyer@outlook.com,outlook,Financeiro,R$ 5.250,Maranhão,,,
Henrique Ramos,9/30/1977,190.439.252-82,henriqueramos@gmail.com,gmail,Comercial,R$ 6.000,São Paulo,,,
Fábio Santos,10/31/1986,338.102.671-37,fábiosantos@globo.com,globo,Comercial,R$ 15.750,Amazonas,,,
Fagner Nunes,10/10/1988,865.801.105-90,fagnernunes@gmail.com,gmail,Comercial,R$ 5.000,Minas Gerais,,,
Eduardo Albuquerque,8/11/1991,173.326.205-28,eduardoalbuquerque@gmail.com,gmail,Administrativo,R$ 3.750,Rio De Janeiro,,,
Carina Ferreira,2/3/1963,528.126.491-12,carinaferreira@gmail.com,gmail,Comercial,R$ 5.250,Bahia,,,
César Meira,4/5/1972,880.321.492-34,césarmeira@gmail.com,gmail,Compras,R$ 24.250,Bahia,,,
Rafael Wajsenzon,7/11/1973,711.660.475-52,rafaelwajsenzon@terra.com,terra,Administrativo,R$ 22.500,Sergipe,,,
Pedro Gonçalves,12/5/1991,668.714.754-79,pedrogonçalves@outlook.com,outlook,Compras,R$ 3.250,São Paulo,,,
Nathália Braz,2/12/1974,724.169.909-29,natháliabraz@gmail.com,gmail,Compras,R$ 2.750,Paraná,,,
Leticia Campinho,6/11/1996,602.715.847-92,leticiacampinho@outlook.com,outlook,Gestão,R$ 5.500,Amazonas,,,
Claudio Sousa,12/30/1969,893.426.280-88,claudiosousa@uol.com,uol,Comercial,R$ 4.750,Rondônia,,,
Margareth Ramos,12/26/1998,568.078.939-65,margarethramos@terra.com,terra,Gestão,R$ 14.250,Amazonas,,,
Jaqueline Rodrigues,12/23/1965,964.017.955-56,jaquelinerodrigues@gmail.com,gmail,Comercial,R$ 3.250,Amazonas,,,
Igor Rodrigues,3/21/1982,807.445.923-58,igorrodrigues@terra.com,terra,Financeiro,R$ 8.250,Rio De Janeiro,,,
Rosana Valentim,6/15/1989,943.949.377-03,rosanavalentim@outlook.com,outlook,Marketing,R$ 9.000,Paraná,,,
Victor Marques,2/8/2002,545.442.705-18,victormarques@uol.com,uol,Comercial,R$ 3.000,Mato Grosso,,,
Thais Sanchez,12/20/1994,142.068.178-86,thaissanchez@terra.com,terra,Administrativo,R$ 4.750,Minas Gerais,,,
Gabriel Ferreira,3/22/1951,608.383.545-04,gabrielferreira@globo.com,globo,Gestão,R$ 7.250,Amapá,,,
Rinaldo Alves,8/17/1993,976.138.132-20,rinaldoalves@terra.com,terra,Comercial,R$ 3.000,Alagoas,,,
Sergio Matias,6/30/1981,646.492.911-64,sergiomatias@gmail.com,gmail,Gestão,R$ 9.000,Bahia,,,
Helen Dias,6/13/1953,673.363.014-79,helendias@globo.com,globo,Comercial,R$ 22.250,São Paulo,,,
João Victolo,5/28/1970,512.098.095-96,joãovictolo@hotmail.com,hotmail,Comercial,R$ 16.500,Bahia,,,
Angelo Pereira,7/13/1985,441.213.601-79,angelopereira@gmail.com,gmail,Comercial,R$ 6.500,Rondônia,,,
Fernando Martins,8/20/1974,168.255.476-32,fernandomartins@outlook.com,outlook,Administrativo,R$ 4.750,Rio De Janeiro,,,
João Pinto,7/18/1990,962.774.883-24,joãopinto@gmail.com,gmail,Administrativo,R$ 6.250,Rio De Janeiro,,,
Patricia Anater,4/27/2000,603.927.010-40,patriciaanater@globo.com,globo,Comercial,R$ 21.500,Minas Gerais,,,
Alison Martins,5/19/1952,298.520.732-50,alisonmartins@outlook.com,outlook,Gestão,R$ 4.500,Rio De Janeiro,,,
Larissa Marson,10/22/1979,284.866.829-06,larissamarson@terra.com,terra,Administrativo,R$ 6.750,Minas Gerais,,,
Julio Villegas,1/13/1952,831.448.874-06,juliovillegas@hotmail.com,hotmail,Comercial,R$ 3.750,Bahia,,,
Paulo Xavier,4/12/2001,619.343.411-68,pauloxavier@outlook.com,outlook,Produção,R$ 8.000,Goiás,,,
Tatiana Teixeira,2/17/1971,508.386.553-42,tatianateixeira@gmail.com,gmail,Administrativo,R$ 6.750,Sergipe,,,
Barbara Gonçalves,12/20/1977,919.316.997-27,barbaragonçalves@gmail.com,gmail,Administrativo,R$ 5.500,Pará,,,
Daniel Busse,5/2/1980,712.872.290-01,danielbusse@uol.com,uol,Marketing,R$ 8.000,São Paulo,,,
Kelen Almeida,6/6/1993,209.311.307-35,kelenalmeida@gmail.com,gmail,Marketing,R$ 5.000,Minas Gerais,,,
Rebeca Leite,7/29/1983,699.685.644-88,rebecaleite@gmail.com,gmail,Comercial,R$ 3.250,Paraná,,,
Guilherme Dias,12/17/1959,286.605.898-79,guilhermedias@live.com,live,Marketing,R$ 12.000,Rio De Janeiro,,,
Renata Marinho,8/6/2000,308.662.764-23,renatamarinho@hotmail.com,hotmail,Administrativo,R$ 4.750,Rondônia,,,
Robson Zadra,7/26/1975,225.788.765-07,robsonzadra@globo.com,globo,Comercial,R$ 8.500,Minas Gerais,,,
Valter Oliveira,4/9/1962,902.144.719-77,valteroliveira@globo.com,globo,Comercial,R$ 4.000,Rio De Janeiro,,,
Valeria Cordeiro,2/3/1956,399.816.047-81,valeriacordeiro@gmail.com,gmail,Produção,R$ 15.250,Bahia,,,
Pedro Araujo,12/27/1997,359.185.031-50,pedroaraujo@gmail.com,gmail,Marketing,R$ 8.250,Paraná,,,
Renato Santos,2/26/1967,699.777.461-52,renatosantos@live.com,live,Gestão,R$ 6.500,Distrito Federal,,,
Raphael Guimarães,1/1/1994,414.974.610-70,raphaelguimarães@outlook.com,outlook,Marketing,R$ 13.250,Rondônia,,,
Kelly Baptista,11/12/1999,630.768.284-61,kellybaptista@gmail.com,gmail,Marketing,R$ 5.500,Santa Catarina,,,
Aline Cavalcanti,3/28/1962,941.331.539-20,alinecavalcanti@uol.com,uol,Produção,R$ 8.500,Tocantins,,,
Jefferson Cruz,4/8/1995,266.301.500-08,jeffersoncruz@gmail.com,gmail,Marketing,R$ 2.500,São Paulo,,,
Licia Quintella,7/15/1952,184.138.118-76,liciaquintella@gmail.com,gmail,Marketing,R$ 6.000,Bahia,,,
Leandro Costa,11/25/1969,589.643.813-67,leandrocosta@gmail.com,gmail,Administrativo,R$ 3.250,Mato Grosso Do Sul,,,
Elizabete Curty,5/21/1983,119.335.715-69,elizabetecurty@gmail.com,gmail,Marketing,R$ 4.250,Rio De Janeiro,,,
Marcos Ferreira,1/17/1979,343.233.299-82,marcosferreira@uol.com,uol,Administrativo,R$ 4.000,Rio Grande Do Sul,,,
Luiz Maciel,2/22/1984,333.567.653-42,luizmaciel@gmail.com,gmail,Marketing,R$ 5.250,Amazonas,,,
Thiago Cavalcanti,3/28/1987,895.405.967-70,thiagocavalcanti@gmail.com,gmail,Gestão,R$ 4.750,Pará,,,
Francisco Lima,7/10/1952,355.279.056-16,franciscolima@uol.com,uol,Marketing,R$ 5.500,Rondônia,,,
Nathalia Loures,3/16/1998,441.534.852-58,nathalialoures@live.com,live,Comercial,R$ 6.250,Pernambuco,,,
Gabriel Bublitz,2/24/1952,743.815.673-94,gabrielbublitz@live.com,live,Compras,R$ 3.250,Sergipe,,,
Felipe Silva,3/15/1972,905.858.571-22,felipesilva@gmail.com,gmail,Marketing,R$ 5.500,Espírito Santo,,,
Thiago Dâmaso,4/3/1985,363.959.664-42,thiagodâmaso@uol.com,uol,Gestão,R$ 7.500,Rio Grande Do Sul,,,
Pedro Basilio,10/7/1979,953.966.415-47,pedrobasilio@gmail.com,gmail,Administrativo,R$ 7.500,Rio De Janeiro,,,
Harley Teixeira,5/13/1974,270.258.581-57,harleyteixeira@gmail.com,gmail,Comercial,R$ 23.000,Paraná,,,
Emerson Brito,3/23/1990,703.363.154-27,emersonbrito@gmail.com,gmail,Comercial,R$ 17.750,Rio De Janeiro,,,
Thiago Toscano,2/22/1986,749.590.311-32,thiagotoscano@globo.com,globo,Comercial,R$ 2.500,Paraná,,,
Guilherme Picanco,4/17/1979,876.922.418-88,guilhermepicanco@uol.com,uol,Gestão,R$ 4.500,Mato Grosso Do Sul,,,
Denis Silva,7/7/1981,398.354.192-64,denissilva@gmail.com,gmail,Compras,R$ 5.250,Bahia,,,
Guilherme Ferreira,12/10/2000,131.359.040-05,guilhermeferreira@hotmail.com,hotmail,Comercial,R$ 2.500,Ceará,,,
Manoel Ribeiro,2/4/1951,570.249.556-97,manoelribeiro@gmail.com,gmail,Financeiro,R$ 8.000,Pernambuco,,,
Paulo Fogaça,11/16/1951,651.935.365-60,paulofogaça@globo.com,globo,Financeiro,R$ 3.250,Rio Grande Do Sul,,,
Samuel Araujo,4/30/1954,323.644.103-51,samuelaraujo@uol.com,uol,Produção,R$ 3.750,Rondônia,,,
Túlio Figueira,10/18/1964,841.421.956-31,túliofigueira@uol.com,uol,Comercial,R$ 3.000,Rio De Janeiro,,,
Renan Francisco,7/8/1955,644.196.772-44,renanfrancisco@uol.com,uol,Comercial,R$ 4.500,Paraná,,,
Thiago Galindo,8/29/1954,273.081.518-81,thiagogalindo@uol.com,uol,Administrativo,R$ 5.750,Amazonas,,,
Anderson Lopes,5/8/1966,171.329.755-17,andersonlopes@gmail.com,gmail,Comercial,R$ 21.250,Rondônia,,,
William Fernando,3/22/1971,952.107.693-94,williamfernando@gmail.com,gmail,Comercial,R$ 16.000,Paraná,,,
Alexandro Sotelo,9/29/1962,341.627.203-78,alexandrosotelo@uol.com,uol,Comercial,R$ 5.500,Pernambuco,,,
Natália Rodrigues,12/22/1992,857.612.695-76,natáliarodrigues@gmail.com,gmail,Comercial,R$ 3.500,Pará,,,
Carina Fernandes,2/12/1978,953.985.949-07,carinafernandes@outlook.com,outlook,Gestão,R$ 11.000,Mato Grosso Do Sul,,,
Isabella Santos,2/14/1978,174.167.168-45,isabellasantos@gmail.com,gmail,Compras,R$ 5.000,São Paulo,,,
Mateus Castro,9/3/1982,856.671.123-82,mateuscastro@terra.com,terra,Administrativo,R$ 19.750,São Paulo,,,
Jose Magalhães,7/30/1973,759.712.610-60,josemagalhães@globo.com,globo,Comercial,R$ 5.500,São Paulo,,,
Rafael Ulguim,11/7/1958,585.718.792-03,rafaelulguim@globo.com,globo,Produção,R$ 10.250,Bahia,,,
Ricardo Floes,2/3/1957,808.583.941-39,ricardofloes@hotmail.com,hotmail,Comercial,R$ 14.750,Pernambuco,,,
Fabricio Cintra,1/25/1971,631.392.560-25,fabriciocintra@terra.com,terra,Administrativo,R$ 4.500,São Paulo,,,
Elisangela Teles,11/1/1991,354.443.297-07,elisangelateles@globo.com,globo,Financeiro,R$ 27.500,Amazonas,,,
Jorge Medina,2/28/1989,405.421.808-38,jorgemedina@outlook.com,outlook,Marketing,R$ 14.500,Amazonas,,,
Renato Mathias,9/22/1952,129.411.091-05,renatomathias@gmail.com,gmail,Comercial,R$ 27.750,Rio Grande Do Sul,,,
Izaias Tataglioni,4/19/1997,431.908.438-48,izaiastataglioni@outlook.com,outlook,Produção,R$ 6.500,Bahia,,,
Lucas Mendes,9/15/1953,983.855.116-35,lucasmendes@gmail.com,gmail,Comercial,R$ 3.250,Rio De Janeiro,,,
Waltair Monteiro,6/18/1981,418.402.681-37,waltairmonteiro@outlook.com,outlook,Comercial,R$ 20.500,Pernambuco,,,
Jaques Diaz,3/18/2000,397.225.009-58,jaquesdiaz@gmail.com,gmail,Financeiro,R$ 9.250,Minas Gerais,,,
Cláudio Picanco,2/22/1990,549.923.483-84,cláudiopicanco@gmail.com,gmail,Compras,R$ 7.750,Maranhão,,,
Fagner Nascimento,8/4/1981,197.416.460-63,fagnernascimento@gmail.com,gmail,Gestão,R$ 8.000,Rio De Janeiro,,,
Guilherme Guimarães,8/22/1975,882.761.343-73,guilhermeguimarães@terra.com,terra,Marketing,R$ 2.500,Pernambuco,,,
Jônatas Alves,3/6/1952,577.729.183-72,jônatasalves@hotmail.com,hotmail,Administrativo,R$ 6.000,Pernambuco,,,
Fabio Nogueira,1/24/1951,963.963.720-63,fabionogueira@live.com,live,Administrativo,R$ 3.750,Rio De Janeiro,,,
Vanderson Barreto,2/5/1958,377.369.215-02,vandersonbarreto@outlook.com,outlook,Marketing,R$ 25.500,Rondônia,,,
Agostinho Ferreira,12/5/1958,549.245.061-90,agostinhoferreira@gmail.com,gmail,Gestão,R$ 6.750,Rondônia,,,
Izabel Castro,10/11/1971,552.901.989-73,izabelcastro@gmail.com,gmail,Marketing,R$ 25.750,Bahia,,,
Pedro Santana,3/6/1979,267.731.127-89,pedrosantana@uol.com,uol,Financeiro,R$ 2.750,Sergipe,,,
Anderson Silva,2/21/1976,738.298.840-43,andersonsilva@gmail.com,gmail,Marketing,R$ 4.750,Amazonas,,,
Julio Bressanin,9/10/1969,105.410.328-58,juliobressanin@outlook.com,outlook,Marketing,R$ 5.500,São Paulo,,,
Gustavo Tramontini,4/27/1985,857.543.300-41,gustavotramontini@globo.com,globo,Financeiro,R$ 5.750,Piauí,,,
Thiago Noleto,2/2/1996,754.935.968-66,thiagonoleto@gmail.com,gmail,Comercial,R$ 6.500,Pernambuco,,,
Lucas Moreira,5/15/1988,112.830.325-95,lucasmoreira@gmail.com,gmail,Marketing,R$ 5.000,Rio De Janeiro,,,
Daniel Oliveira,6/11/1979,492.764.824-40,danieloliveira@outlook.com,outlook,Marketing,R$ 5.250,Acre,,,
Sarah Moura,11/13/1976,675.467.373-22,sarahmoura@globo.com,globo,Compras,R$ 5.750,Ceará,,,
Augusto Porfirio,12/3/1986,563.887.106-56,augustoporfirio@gmail.com,gmail,Produção,R$ 4.250,São Paulo,,,
Sara Maia,1/21/1955,233.604.424-39,saramaia@live.com,live,Financeiro,R$ 2.750,Rio Grande Do Sul,,,
Emerson Ferreira,6/27/1950,850.010.978-23,emersonferreira@globo.com,globo,Marketing,R$ 23.000,Rondônia,,,
Daniel Correia,2/5/1998,646.129.839-06,danielcorreia@gmail.com,gmail,Comercial,R$ 9.000,Pernambuco,,,
Raiane Quintella,2/18/1985,279.266.476-41,raianequintella@globo.com,globo,Comercial,R$ 25.250,Rio De Janeiro,,,
Ezequiel Viana,3/5/1977,246.237.957-91,ezequielviana@live.com,live,Gestão,R$ 7.000,Rio Grande Do Sul,,,
Tainara Pontes,9/8/1961,472.378.081-17,tainarapontes@uol.com,uol,Compras,R$ 26.000,Santa Catarina,,,
Thais Marques,9/2/1980,712.064.279-10,thaismarques@globo.com,globo,Compras,R$ 17.750,Rondônia,,,
Henrique Martins,4/4/1984,150.359.414-20,henriquemartins@hotmail.com,hotmail,Administrativo,R$ 6.000,Rio Grande Do Sul,,,
Herbert Nascimento,9/21/2001,867.371.791-78,herbertnascimento@gmail.com,gmail,Administrativo,R$ 6.500,Bahia,,,
Ingrid Cavalcante,7/16/1981,579.634.845-53,ingridcavalcante@live.com,live,Financeiro,R$ 24.500,Rio Grande Do Sul,,,
Diogo Neto,8/29/1953,142.102.422-43,diogoneto@terra.com,terra,Compras,R$ 3.500,Minas Gerais,,,
Erick Silva,1/12/1978,787.822.835-49,ericksilva@outlook.com,outlook,Produção,R$ 5.750,São Paulo,,,
Helen Diaz,7/28/1987,226.499.217-06,helendiaz@terra.com,terra,Administrativo,R$ 25.750,Rio Grande Do Sul,,,
Maira Steiner,7/11/1954,704.894.410-58,mairasteiner@uol.com,uol,Marketing,R$ 17.000,Minas Gerais,,,
Gilberto Silva,5/18/1961,134.160.988-08,gilbertosilva@hotmail.com,hotmail,Administrativo,R$ 4.500,Minas Gerais,,,
Paulo Wolker,4/4/1950,591.224.244-22,paulowolker@terra.com,terra,Comercial,R$ 9.750,Amazonas,,,
Kamila Borges,7/3/1981,141.589.305-99,kamilaborges@terra.com,terra,Administrativo,R$ 3.750,Amazonas,,,
Thaiane Tamayo,3/23/1951,705.819.334-27,thaianetamayo@gmail.com,gmail,Comercial,R$ 6.750,Rio De Janeiro,,,
Carlos Lucas,2/13/1990,852.110.149-00,carloslucas@uol.com,uol,Produção,R$ 26.000,Goiás,,,
Francisco Lopes,10/28/2002,487.333.986-28,franciscolopes@terra.com,terra,Financeiro,R$ 6.000,Rio De Janeiro,,,
Higor Oliveira,9/6/1995,901.951.635-85,higoroliveira@uol.com,uol,Comercial,R$ 8.250,Pará,,,
Mara Marques,12/6/1981,829.360.450-24,maramarques@gmail.com,gmail,Financeiro,R$ 6.500,Rio De Janeiro,,,
Caroline Pinto,10/27/2001,782.152.574-87,carolinepinto@gmail.com,gmail,Comercial,R$ 7.250,Distrito Federal,,,
Marcelino Rodrigues,12/7/1991,713.129.409-85,marcelinorodrigues@globo.com,globo,Comercial,R$ 2.750,Rio Grande Do Sul,,,
Giovanni Lopes,9/1/1956,916.073.219-80,giovannilopes@globo.com,globo,Marketing,R$ 5.250,Amazonas,,,
Rinaldo Lazaro,8/12/1966,931.032.725-81,rinaldolazaro@gmail.com,gmail,Comercial,R$ 6.500,Alagoas,,,
Mario Pantoja,10/24/2001,181.491.448-97,mariopantoja@live.com,live,Marketing,R$ 7.250,Bahia,,,
Mylena Gomez,1/6/1980,383.483.419-67,mylenagomez@terra.com,terra,Gestão,R$ 19.750,Bahia,,,
Luis Gualbino,6/17/1989,195.825.933-63,luisgualbino@outlook.com,outlook,Comercial,R$ 4.250,Rio De Janeiro,,,
Elaine Júnior,8/23/1971,349.480.482-14,elainejúnior@globo.com,globo,Administrativo,R$ 4.000,Minas Gerais,,,
Ezequiel Madeira,4/5/1992,383.973.439-91,ezequielmadeira@gmail.com,gmail,Marketing,R$ 24.500,Rio Grande Do Sul,,,
Tamiris Porfirio,3/6/1965,529.690.491-62,tamirisporfirio@gmail.com,gmail,Gestão,R$ 4.500,Rio De Janeiro,,,
Leonardo Duarte,4/27/1955,326.981.099-87,leonardoduarte@terra.com,terra,Comercial,R$ 3.000,Paraná,,,
Fagner Braz,11/13/1973,965.881.618-54,fagnerbraz@hotmail.com,hotmail,Gestão,R$ 6.750,São Paulo,,,
Thiago Inacio,8/31/1950,424.792.808-99,thiagoinacio@terra.com,terra,Gestão,R$ 9.250,Bahia,,,
Ester Leite,5/2/1963,591.773.584-21,esterleite@uol.com,uol,Marketing,R$ 4.750,Rio De Janeiro,,,
Tainara Vasques,3/19/1984,744.944.619-47,tainaravasques@gmail.com,gmail,Produção,R$ 7.500,Rondônia,,,
José Alencar,8/30/1965,761.840.400-39,joséalencar@globo.com,globo,Gestão,R$ 7.500,Rio Grande Do Sul,,,
Tomas Rodrigues,9/9/1996,260.842.526-34,tomasrodrigues@outlook.com,outlook,Gestão,R$ 6.250,Espírito Santo,,,
Josiane Pereira,2/16/1984,194.279.410-07,josianepereira@live.com,live,Financeiro,R$ 6.500,Amazonas,,,
Jean Barreto,4/30/1972,253.522.436-77,jeanbarreto@globo.com,globo,Marketing,R$ 2.750,Pernambuco,,,
Nadia Pedrosa,10/13/1985,484.496.862-15,nadiapedrosa@uol.com,uol,Marketing,R$ 4.750,Rio Grande Do Norte,,,
Andrew Neris,3/30/1998,481.096.549-94,andrewneris@terra.com,terra,Marketing,R$ 5.750,São Paulo,,,
Rodrigo Quevedo,1/21/1954,508.339.655-06,rodrigoquevedo@outlook.com,outlook,Marketing,R$ 8.250,Bahia,,,
Marina Gonçalves,10/17/1959,422.695.059-99,marinagonçalves@terra.com,terra,Administrativo,R$ 4.500,Sergipe,,,
Fernando Vasques,12/18/1968,496.631.831-77,fernandovasques@globo.com,globo,Gestão,R$ 6.750,Pará,,,
Gerson Fonseca,4/22/2000,412.390.224-61,gersonfonseca@gmail.com,gmail,Gestão,R$ 3.000,Rondônia,,,
Daniel Wolker,10/2/1982,824.506.202-80,danielwolker@gmail.com,gmail,Gestão,R$ 2.500,Bahia,,,
Marcio Maciel,2/1/1966,219.304.114-22,marciomaciel@outlook.com,outlook,Produção,R$ 6.000,Rio Grande Do Sul,,,
Cláudio Dias,9/15/1962,560.156.594-78,cláudiodias@globo.com,globo,Financeiro,R$ 16.500,Rio De Janeiro,,,
Leandro Rodrigues,6/11/1993,376.015.272-34,leandrorodrigues@hotmail.com,hotmail,Gestão,R$ 3.000,Rio De Janeiro,,,
Fábio Martorano,7/6/1998,105.958.959-09,fábiomartorano@uol.com,uol,Financeiro,R$ 11.750,Amazonas,,,
João Costa,1/20/1994,761.780.184-39,joãocosta@outlook.com,outlook,Financeiro,R$ 6.000,Pernambuco,,,
Renato Vaso,4/15/1987,544.006.421-04,renatovaso@live.com,live,Financeiro,R$ 6.250,Bahia,,,
Maria Ramos,8/27/1987,428.475.296-71,mariaramos@hotmail.com,hotmail,Comercial,R$ 8.500,Minas Gerais,,,
Danilo Corrêa,1/27/1969,427.666.553-42,danilocorrêa@outlook.com,outlook,Compras,R$ 2.500,Amazonas,,,
Caroline Alves,10/19/1962,796.178.248-32,carolinealves@globo.com,globo,Comercial,R$ 3.500,São Paulo,,,
Célio Santos,9/29/2002,441.421.998-59,céliosantos@gmail.com,gmail,Administrativo,R$ 6.000,Rio De Janeiro,,,
Marcus Chagas,5/23/1974,308.091.198-13,marcuschagas@globo.com,globo,Administrativo,R$ 2.500,Rio Grande Do Sul,,,
Pedro Silva,1/8/1989,386.637.061-43,pedrosilva@globo.com,globo,Comercial,R$ 28.000,Ceará,,,
José Lima,10/17/1980,588.118.646-51,josélima@gmail.com,gmail,Comercial,R$ 3.000,Distrito Federal,,,
Hygor Francotti,6/10/1998,595.808.053-77,hygorfrancotti@live.com,live,Produção,R$ 5.750,Minas Gerais,,,
Bernardo Rotondo,6/9/1962,626.280.632-27,bernardorotondo@outlook.com,outlook,Marketing,R$ 5.500,Amazonas,,,
Tiago Bianchi,1/24/1955,652.363.137-41,tiagobianchi@gmail.com,gmail,Gestão,R$ 5.250,Pernambuco,,,
Cesar Quintella,11/2/1954,459.667.401-27,cesarquintella@gmail.com,gmail,Compras,R$ 9.750,Minas Gerais,,,
Getulio Laube,7/1/1971,132.596.094-82,getuliolaube@gmail.com,gmail,Marketing,R$ 4.750,Minas Gerais,,,
Luciano Benitz,5/28/1959,120.259.743-16,lucianobenitz@terra.com,terra,Gestão,R$ 15.000,Pernambuco,,,
Francisco Burille,12/8/1970,411.877.383-82,franciscoburille@live.com,live,Financeiro,R$ 8.250,Rio De Janeiro,,,
Marcos Rodrigues,4/27/1983,485.946.650-35,marcosrodrigues@globo.com,globo,Gestão,R$ 5.000,Amazonas,,,
Adriano Curto,1/12/2000,571.481.722-72,adrianocurto@gmail.com,gmail,Comercial,R$ 2.500,Bahia,,,
Cristiane Frazão,3/14/1950,998.332.942-68,cristianefrazão@gmail.com,gmail,Marketing,R$ 2.500,Bahia,,,
Camila Gomes,4/7/1974,778.332.469-90,camilagomes@gmail.com,gmail,Administrativo,R$ 5.750,Minas Gerais,,,
Renato Moreira,2/26/1999,185.195.502-62,renatomoreira@gmail.com,gmail,Comercial,R$ 5.750,Rio Grande Do Norte,,,
Felipe Oliveira,12/19/1953,729.105.544-98,felipeoliveira@terra.com,terra,Comercial,R$ 8.250,Espírito Santo,,,
Luiz Júnior,5/19/1982,966.713.423-92,luizjúnior@globo.com,globo,Gestão,R$ 24.250,Bahia,,,
Cristiane Ferreira,2/27/1950,166.485.895-71,cristianeferreira@globo.com,globo,Marketing,R$ 6.250,Minas Gerais,,,
Elizabeth Fragoso,3/14/1974,533.356.971-15,elizabethfragoso@globo.com,globo,Produção,R$ 17.250,Bahia,,,
Alanna Nunes,11/28/1972,684.435.416-37,alannanunes@outlook.com,outlook,Gestão,R$ 2.750,Pará,,,
Nadia Cruzeiro,7/11/1994,984.163.888-21,nadiacruzeiro@live.com,live,Gestão,R$ 7.000,Pernambuco,,,
Amanda Ojeda,3/11/1963,455.108.699-34,amandaojeda@hotmail.com,hotmail,Marketing,R$ 4.500,Rio De Janeiro,,,
Vivian Sousa,3/21/1982,151.144.752-52,viviansousa@gmail.com,gmail,Comercial,R$ 3.500,Alagoas,,,
Josué Fischer,7/27/1981,231.801.692-66,josuéfischer@uol.com,uol,Marketing,R$ 3.750,Rio De Janeiro,,,
Vagner Garcia,5/23/1995,870.636.733-31,vagnergarcia@outlook.com,outlook,Gestão,R$ 6.750,Santa Catarina,,,
Aldair Estevam,7/10/1973,710.052.273-07,aldairestevam@hotmail.com,hotmail,Comercial,R$ 7.750,Rio Grande Do Sul,,,
Cibele Soares,11/5/1978,313.836.617-04,cibelesoares@live.com,live,Administrativo,R$ 3.750,Minas Gerais,,,
Adriano Pereira,8/22/1979,783.424.296-72,adrianopereira@globo.com,globo,Gestão,R$ 24.000,Rondônia,,,
Alessandra Candido,11/6/1984,804.672.659-30,alessandracandido@uol.com,uol,Marketing,R$ 8.250,São Paulo,,,
Joao Gomes,12/6/1979,333.118.645-51,joaogomes@gmail.com,gmail,Marketing,R$ 13.000,Paraná,,,
Samuel Lobo,7/30/1964,978.810.491-92,samuellobo@uol.com,uol,Marketing,R$ 6.000,Rio De Janeiro,,,
Paula Cruz,8/3/1973,215.731.805-14,paulacruz@gmail.com,gmail,Marketing,R$ 27.750,Alagoas,,,
Tatiana Loures,11/26/1981,175.653.558-02,tatianaloures@gmail.com,gmail,Administrativo,R$ 5.000,São Paulo,,,
Lino Silva,11/29/1958,534.226.580-53,linosilva@live.com,live,Comercial,R$ 13.750,Bahia,,,
Adriano Silva,1/13/1964,447.386.902-99,adrianosilva@hotmail.com,hotmail,Financeiro,R$ 26.500,Rio Grande Do Sul,,,
Eric Sotelo,2/4/1958,282.237.965-92,ericsotelo@gmail.com,gmail,Marketing,R$ 19.000,Minas Gerais,,,
Monalisa Leite,4/23/1993,954.626.236-62,monalisaleite@gmail.com,gmail,Administrativo,R$ 5.250,Rondônia,,,
Natália Soares,4/3/1995,182.346.659-25,natáliasoares@gmail.com,gmail,Produção,R$ 6.000,Paraná,,,
Luciano Matias,1/23/1951,910.887.306-85,lucianomatias@outlook.com,outlook,Comercial,R$ 5.250,Rondônia,,,
Luana Alves,2/8/1956,481.498.122-51,luanaalves@uol.com,uol,Marketing,R$ 5.500,Pará,,,
Fabiana Júnior,1/1/1951,971.333.684-11,fabianajúnior@hotmail.com,hotmail,Gestão,R$ 8.500,Minas Gerais,,,
Alexandre Gonzaga,4/28/2000,662.413.912-21,alexandregonzaga@terra.com,terra,Produção,R$ 26.750,São Paulo,,,
Matheus Gonçalves,11/15/1962,179.106.024-41,matheusgonçalves@globo.com,globo,Financeiro,R$ 5.000,Acre,,,
Fabio Nascimento,6/10/1991,164.072.349-61,fabionascimento@gmail.com,gmail,Gestão,R$ 24.250,Pará,,,
Anderson Pacheco,11/13/1995,499.298.867-20,andersonpacheco@terra.com,terra,Financeiro,R$ 20.000,Acre,,,
Jussara Alves,9/25/1966,168.631.271-24,jussaraalves@gmail.com,gmail,Comercial,R$ 6.750,Rio De Janeiro,,,
Marcelino Costa,12/27/2000,578.054.949-78,marcelinocosta@gmail.com,gmail,Marketing,R$ 19.250,Rondônia,,,
John Kozlinski,11/9/1951,755.086.934-99,johnkozlinski@globo.com,globo,Comercial,R$ 25.750,Bahia,,,
Angelica Nascimento,7/11/1953,802.832.736-76,angelicanascimento@terra.com,terra,Marketing,R$ 4.750,Paraná,,,
Ezequiel Dalcin,12/10/1971,997.317.296-14,ezequieldalcin@globo.com,globo,Gestão,R$ 19.500,Paraná,,,
Lucas Pinto,7/27/1962,750.193.157-09,lucaspinto@terra.com,terra,Comercial,R$ 23.750,Bahia,,,
Thaís Addan,8/11/1959,770.561.057-24,thaísaddan@gmail.com,gmail,Gestão,R$ 4.500,São Paulo,,,
Thaiana Castro,3/16/1982,504.653.961-77,thaianacastro@gmail.com,gmail,Gestão,R$ 3.250,Bahia,,,
Lucas Junges,11/6/1966,113.427.271-14,lucasjunges@gmail.com,gmail,Financeiro,R$ 3.500,Rio De Janeiro,,,
Antonio Fernandes,6/23/1998,840.868.218-42,antoniofernandes@globo.com,globo,Financeiro,R$ 2.750,Rio De Janeiro,,,
Pedro Soares,2/11/1981,345.085.202-47,pedrosoares@gmail.com,gmail,Administrativo,R$ 15.250,Paraná,,,
Gloria Sperandio,2/24/1959,468.559.535-88,gloriasperandio@live.com,live,Marketing,R$ 6.750,Pernambuco,,,
Sandro Matos,5/17/1957,479.510.233-46,sandromatos@gmail.com,gmail,Marketing,R$ 6.000,Pernambuco,,,
Juliano Martorano,11/23/1976,151.978.644-81,julianomartorano@terra.com,terra,Comercial,R$ 6.000,Rio De Janeiro,,,
Wilson Silva,6/11/2002,175.249.090-33,wilsonsilva@live.com,live,Financeiro,R$ 20.500,Bahia,,,
Wanessa Gonçalves,6/7/1973,643.678.109-69,wanessagonçalves@gmail.com,gmail,Administrativo,R$ 7.500,Rio Grande Do Sul,,,
Paulo Soares,2/5/1993,155.216.625-39,paulosoares@terra.com,terra,Produção,R$ 3.000,São Paulo,,,
Iago Caldas,10/18/1996,665.322.191-33,iagocaldas@gmail.com,gmail,Produção,R$ 25.250,Rio De Janeiro,,,
Regis Soares,11/29/1969,547.361.335-63,regissoares@gmail.com,gmail,Comercial,R$ 17.500,São Paulo,,,
Alexandre Misquita,9/24/1995,849.247.167-81,alexandremisquita@live.com,live,Gestão,R$ 13.500,Minas Gerais,,,
Letícia Perdigão,6/18/1995,804.760.992-51,letíciaperdigão@globo.com,globo,Gestão,R$ 4.000,Minas Gerais,,,
Simone Silva,7/30/1995,286.905.016-62,simonesilva@uol.com,uol,Marketing,R$ 11.750,Amapá,,,
Luis Dalcin,1/17/1959,780.014.163-55,luisdalcin@uol.com,uol,Comercial,R$ 6.750,Bahia,,,
Glaucia Dantas,12/19/1966,924.638.203-06,glauciadantas@terra.com,terra,Comercial,R$ 4.250,Amazonas,,,
Danilo Ouríques,11/15/1953,617.269.910-14,daniloouríques@uol.com,uol,Marketing,R$ 9.000,São Paulo,,,
Thiago Araújo,6/20/1999,600.964.582-38,thiagoaraújo@gmail.com,gmail,Financeiro,R$ 7.250,Ceará,,,
Thais Pinto,2/4/1994,763.402.741-38,thaispinto@gmail.com,gmail,Marketing,R$ 7.250,Bahia,,,
Luis Kochem,1/17/1993,120.743.069-83,luiskochem@uol.com,uol,Comercial,R$ 25.500,Rio De Janeiro,,,
Eduardo Dutra,9/5/2001,851.756.952-36,eduardodutra@gmail.com,gmail,Comercial,R$ 13.750,Ceará,,,
Ananda Santos,3/26/1977,649.666.000-88,anandasantos@terra.com,terra,Compras,R$ 6.250,Minas Gerais,,,
Sueli Borges,6/26/1957,962.133.143-08,sueliborges@outlook.com,outlook,Comercial,R$ 4.250,Minas Gerais,,,
Maria Pereira,3/7/1989,681.617.407-66,mariapereira@gmail.com,gmail,Financeiro,R$ 4.750,São Paulo,,,
Aldo Maradei,11/8/1990,501.374.518-03,aldomaradei@terra.com,terra,Comercial,R$ 6.500,Bahia,,,
Augusto Neto,4/20/1951,557.088.056-11,augustoneto@outlook.com,outlook,Gestão,R$ 3.000,Roraima,,,
Erickson Tramontini,11/5/1985,859.963.091-21,ericksontramontini@live.com,live,Comercial,R$ 8.250,Rio Grande Do Sul,,,
Jackson Bernardo,3/11/1995,647.231.978-88,jacksonbernardo@outlook.com,outlook,Comercial,R$ 6.500,Bahia,,,
Julio Aparecido,7/21/1960,514.012.816-06,julioaparecido@hotmail.com,hotmail,Comercial,R$ 6.000,Amazonas,,,
Bruno Barbosa,12/18/1952,303.200.188-97,brunobarbosa@gmail.com,gmail,Comercial,R$ 3.500,Tocantins,,,
Michel Nascimento,6/27/1950,523.431.137-25,michelnascimento@gmail.com,gmail,Comercial,R$ 4.250,Rondônia,,,
Andre Lima,11/17/1990,908.788.104-71,andrelima@globo.com,globo,Marketing,R$ 4.000,Rondônia,,,
Thais Rodrigues,2/14/1954,126.948.700-30,thaisrodrigues@gmail.com,gmail,Marketing,R$ 28.000,Minas Gerais,,,
Vladimir Siqueira,6/17/1959,944.724.950-91,vladimirsiqueira@terra.com,terra,Gestão,R$ 3.250,Paraná,,,
Heitor Gomes,12/3/1982,624.574.717-62,heitorgomes@globo.com,globo,Financeiro,R$ 4.500,Rio De Janeiro,,,
Ricardo Mércio,12/1/1978,759.292.906-26,ricardomércio@live.com,live,Comercial,R$ 2.750,Minas Gerais,,,
Reinaldo Meza,2/5/1959,988.302.247-78,reinaldomeza@uol.com,uol,Marketing,R$ 5.750,Bahia,,,
Elaine Costa,9/5/1971,194.660.471-61,elainecosta@globo.com,globo,Marketing,R$ 10.750,Amazonas,,,
Yago Marques,1/18/1960,783.967.259-64,yagomarques@live.com,live,Administrativo,R$ 3.250,São Paulo,,,
Breno Alves,1/1/1962,227.589.306-42,brenoalves@terra.com,terra,Comercial,R$ 6.750,Minas Gerais,,,
Aline Tavares,2/29/1960,833.306.975-71,alinetavares@gmail.com,gmail,Marketing,R$ 5.750,Rio De Janeiro,,,
Eliane Monteiro,1/23/1974,894.631.521-25,elianemonteiro@uol.com,uol,Comercial,R$ 8.000,Rio De Janeiro,,,
Raphael Gomes,8/6/1954,116.580.841-10,raphaelgomes@gmail.com,gmail,Marketing,R$ 4.500,Amazonas,,,
José Cappello,3/10/1992,725.956.341-44,josécappello@globo.com,globo,Marketing,R$ 7.250,Tocantins,,,
Robson Lopes,4/1/1963,739.858.864-37,robsonlopes@live.com,live,Comercial,R$ 4.250,Rio Grande Do Sul,,,
Desiree Afonso,4/1/1989,765.573.452-14,desireeafonso@globo.com,globo,Financeiro,R$ 2.750,Rio De Janeiro,,,
André Santos,12/22/1955,353.740.360-71,andrésantos@outlook.com,outlook,Comercial,R$ 3.000,Piauí,,,
João Hecht,12/19/1974,100.676.584-26,joãohecht@terra.com,terra,Marketing,R$ 12.000,Bahia,,,
Murilo Leite,9/9/1968,640.519.902-35,muriloleite@globo.com,globo,Marketing,R$ 7.500,Rio De Janeiro,,,
Renata Madeira,2/20/1967,926.784.331-29,renatamadeira@uol.com,uol,Comercial,R$ 3.750,Amazonas,,,
Alison Pereira,1/25/1971,378.477.546-12,alisonpereira@gmail.com,gmail,Marketing,R$ 14.250,Paraná,,,
Pedro Moura,1/2/1994,442.944.091-97,pedromoura@globo.com,globo,Comercial,R$ 6.000,Ceará,,,
Aline Seixas,9/21/1967,935.051.895-15,alineseixas@gmail.com,gmail,Marketing,R$ 7.250,Bahia,,,
Antonio Quevedo,9/29/1969,456.447.839-67,antonioquevedo@globo.com,globo,Comercial,R$ 6.000,Rio Grande Do Sul,,,
José Corrêa,2/25/1963,337.516.579-11,josécorrêa@hotmail.com,hotmail,Financeiro,R$ 6.000,Rondônia,,,
Eduardo Maradei,5/10/1956,865.825.966-45,eduardomaradei@gmail.com,gmail,Marketing,R$ 8.000,Rio De Janeiro,,,
Wenilson Ferreira,9/13/1986,487.461.493-77,wenilsonferreira@gmail.com,gmail,Comercial,R$ 22.500,Rio De Janeiro,,,
Gabriel Santos,8/20/1997,824.264.934-62,gabrielsantos@gmail.com,gmail,Marketing,R$ 4.000,Minas Gerais,,,
Rodolfo Pereira,9/28/1970,513.794.088-97,rodolfopereira@terra.com,terra,Financeiro,R$ 27.500,São Paulo,,,
André Oliveira,5/10/1995,623.222.813-21,andréoliveira@globo.com,globo,Gestão,R$ 24.250,Pernambuco,,,
Hannah Alves,6/21/1997,552.639.667-24,hannahalves@live.com,live,Gestão,R$ 4.750,Pernambuco,,,
Paulo Fernandes,9/24/1961,604.697.381-83,paulofernandes@gmail.com,gmail,Marketing,R$ 6.750,Paraíba,,,
Patrícia Martins,9/16/1988,944.527.382-76,patríciamartins@outlook.com,outlook,Comercial,R$ 3.750,Bahia,,,
Diogenes Schulze,10/14/1993,223.247.530-81,diogenesschulze@globo.com,globo,Financeiro,R$ 3.750,São Paulo,,,
Augusto Fusco,8/25/1954,643.139.473-42,augustofusco@hotmail.com,hotmail,Comercial,R$ 7.750,Rio De Janeiro,,,
Mariana Silva,7/24/1971,224.802.038-36,marianasilva@uol.com,uol,Marketing,R$ 24.000,Minas Gerais,,,
Daniel Rodrigues,4/19/1966,162.292.328-09,danielrodrigues@terra.com,terra,Comercial,R$ 2.500,Bahia,,,
Daniel Pena,9/1/1990,316.390.247-40,danielpena@globo.com,globo,Marketing,R$ 5.500,Rio De Janeiro,,,
Daniele Lima,9/14/1955,420.629.578-04,danielelima@gmail.com,gmail,Comercial,R$ 18.500,Sergipe,,,
Luccas Godoi,3/22/1979,341.249.351-82,luccasgodoi@terra.com,terra,Administrativo,R$ 15.250,Rondônia,,,
Pamela Agostini,11/25/1958,601.652.182-28,pamelaagostini@gmail.com,gmail,Produção,R$ 3.000,Espírito Santo,,,
Eliane Cruzeiro,1/18/1955,881.460.758-02,elianecruzeiro@globo.com,globo,Comercial,R$ 6.500,Amazonas,,,
Monique Gama,11/29/1957,446.387.011-81,moniquegama@terra.com,terra,Gestão,R$ 16.750,Rio De Janeiro,,,
Tatiane Filho,3/26/1966,185.356.362-55,tatianefilho@gmail.com,gmail,Marketing,R$ 7.000,Rio Grande Do Sul,,,
Erika Rosa,2/10/1953,354.628.201-46,erikarosa@live.com,live,Gestão,R$ 5.000,Rondônia,,,
Flávia Lima,12/4/1977,777.333.503-13,flávialima@terra.com,terra,Administrativo,R$ 8.000,Bahia,,,
Roberto Souza,10/24/1986,579.280.995-96,robertosouza@terra.com,terra,Gestão,R$ 3.250,Paraná,,,
Nathalia Pereira,7/19/1955,899.308.258-16,nathaliapereira@gmail.com,gmail,Marketing,R$ 5.000,São Paulo,,,
Patricia Sanchdx,7/15/1993,410.936.736-09,patriciasanchdx@uol.com,uol,Administrativo,R$ 4.750,Bahia,,,
Renan Vasconcelos,12/9/1976,461.754.339-88,renanvasconcelos@outlook.com,outlook,Comercial,R$ 7.750,Paraíba,,,
Tatiane Silva,1/22/1995,765.193.075-20,tatianesilva@gmail.com,gmail,Produção,R$ 19.500,Sergipe,,,
Vanderson Castro,12/31/1983,423.811.275-41,vandersoncastro@hotmail.com,hotmail,Compras,R$ 7.250,Acre,,,
Leonardo Pinto,6/10/1964,929.788.260-82,leonardopinto@live.com,live,Marketing,R$ 12.000,Rio De Janeiro,,,
Hugo Oliveira,4/18/1975,237.885.580-25,hugooliveira@terra.com,terra,Marketing,R$ 7.000,Rondônia,,,
Rosilene Arashiro,12/27/1985,638.688.013-03,rosilenearashiro@hotmail.com,hotmail,Financeiro,R$ 9.750,Sergipe,,,
Herbert Elias,11/8/1966,529.374.515-35,herbertelias@uol.com,uol,Financeiro,R$ 5.000,Amazonas,,,
Jorge Fernandes,10/13/1951,221.047.880-07,jorgefernandes@uol.com,uol,Marketing,R$ 18.750,Mato Grosso,,,
Nathan Palanycia,11/24/1973,989.887.683-40,nathanpalanycia@terra.com,terra,Administrativo,R$ 14.750,Rondônia,,,
Tatiane Moreira,10/17/1955,409.067.713-37,tatianemoreira@gmail.com,gmail,Comercial,R$ 3.000,Amazonas,,,
Bruno Moura,6/3/1983,640.207.228-65,brunomoura@gmail.com,gmail,Marketing,R$ 10.750,Rio De Janeiro,,,
Edson Afonso,12/9/2000,797.317.171-73,edsonafonso@gmail.com,gmail,Gestão,R$ 24.250,Minas Gerais,,,
Cleberson Port,12/11/1993,527.725.095-72,clebersonport@gmail.com,gmail,Marketing,R$ 3.250,Rio De Janeiro,,,
Geraldo Schardosin,10/25/1977,531.840.018-64,geraldoschardosin@gmail.com,gmail,Financeiro,R$ 5.000,Bahia,,,
Danilo Gonçalves,3/31/1993,610.545.048-72,danilogonçalves@globo.com,globo,Comercial,R$ 22.500,Bahia,,,
Alison Teixeira,2/24/1983,904.515.366-89,alisonteixeira@uol.com,uol,Financeiro,R$ 7.250,Amazonas,,,
Daniel Lira,10/24/1993,568.844.667-67,daniellira@gmail.com,gmail,Marketing,R$ 4.750,Pernambuco,,,
Marcelo Santos,2/14/1967,419.410.506-47,marcelosantos@gmail.com,gmail,Gestão,R$ 3.500,Rio De Janeiro,,,
Vanessa Rallo,7/23/1950,854.266.733-38,vanessarallo@terra.com,terra,Marketing,R$ 6.500,Amazonas,,,
Yasmin Gomes,6/22/1990,872.353.933-40,yasmingomes@outlook.com,outlook,Compras,R$ 19.500,Acre,,,